{
	"continents": { "title":"Continents", "width":800, "height":517, "extent":[-180,-55.521386718749994,180,83.59960937500003] },
	"world": { "title":"World", "width":800, "height":517, "extent":[-180,-58.492285156250006,180,83.599609375] },
	"world-us": { "title":"World and US", "width":2400, "height":1697, "extent":[-181.9372873759479,-67.8325574122815,201.2439555495492,84.83382568312074] },
	"africa": { "title":"Africa", "width":800, "height":822, "extent":[-25.36042232999995,-34.82195403399993,51.41703781100006,37.34520091400009] },
	"asia": { "title":"Asia", "width":800, "height":822, "extent":[25.663259311000047,-12.199965101999908,180,81.28880442900004] },
	"europe": { "title":"Europe", "width":800, "height":580, "extent":[-24.539906378999945,34.81500885600008,66.20953006356154,71.18036530200004] },
	"ar": { "title":"Argentina", "width":800, "height":1761, "extent":[-73.57273962499994,-55.05201588299991,-53.66155188041495,-21.786937763999973] },
	"au": { "title":"Australia", "width":800, "height":773, "extent":[112.91944420700008,-43.641289971999925,159.1064559250001,-9.240166924999926] },
	"at": { "title":"Austria", "width":800, "height":411, "extent":[9.52115482500011,46.37864308700007,17.148337850000075,49.00977447500007] },
	"be": { "title":"Belgium", "width":800, "height":654, "extent":[-172.5025528639999,-9.361748955999929,-171.18565833199992,-8.543226820999905] },
	"br": { "title":"Brazil", "width":800, "height":737, "extent":[-74.01847469099994,-33.74228037499992,-28.877064581999946,5.267224833000029] },
	"bg": { "title":"Bulgaria", "width":800, "height":521, "extent":[22.345023234000053,41.238104147000044,28.603526238000086,44.228434539] },
	"ca": { "title":"Canada", "width":800, "height":1042, "extent":[-141.00556393099993,41.66908559200006,-52.61660722599993,83.11652252800008] },
	"cn": { "title":"China", "width":800, "height":592, "extent":[73.60225630700006,15.77537669500009,134.77257938700006,53.56944447900007] },
	"hr": { "title":"Croatia", "width":800, "height":785, "extent":[13.501475457000083,42.41632721600007,19.40783817500011,46.546979065000116] },
	"cy": { "title":"Cyprus", "width":800, "height":305, "extent":[32.27173912900008,34.62501943000002,34.09913170700008,35.19940297400008] },
	"cz": { "title":"Czech Republic", "width":800, "height":456, "extent":[12.076140991000045,48.557915752,18.837433716000106,51.04001230900009] },
	"dk": { "title":"Denmark", "width":800, "height":644, "extent":[8.094004754000082,54.56858958500004,15.151377800000091,57.751166083000044] },
	"ee": { "title":"Estonia", "width":800, "height":522, "extent":[21.832367384000065,57.51581858300001,28.186475464000125,59.67088450700004] },
	"eg": { "title":"Egypt", "width":800, "height":711, "extent":[24.688342732000137,21.9943692020001,36.899180535000085,31.656480210000026] },
	"fi": { "title":"Finland", "width":800, "height":1793, "extent":[20.62316451,59.81122467700004,31.56952478000011,70.07531036400012] },
	"fr": { "title":"France", "width":800, "height":786, "extent":[-4.783355272999928,41.372503973000036,9.55958092500009,51.08754088371881] },
	"de": { "title":"Germany", "width":800, "height":1083, "extent":[5.852489868000106,47.27112091100007,15.022059367000054,55.065334377000056] },
	"gr": { "title":"Greece", "width":800, "height":822, "extent":[19.626475457000083,34.81500885600008,28.239756707000083,41.750475973000064] },
	"hu": { "title":"Hungary", "width":800, "height":491, "extent":[16.09403527800012,45.74134348600002,22.877600546000053,48.569232890000066] },
	"id": { "title":"Indonesia", "width":800, "height":296, "extent":[95.01270592500003,-10.922621351999908,140.97762699400005,5.910101630000042] },
	"in": { "title":"India", "width":800, "height":855, "extent":[68.14340254000007,6.74555084800005,97.36225305200003,35.49540557900012] },
	"ie": { "title":"Ireland", "width":800, "height":1176, "extent":[-10.478179490999935,51.44570547100005,-5.993519660999937,55.386379299000055] },
	"is": { "title":"Island", "width":800, "height":540, "extent":[-24.539906378999945,63.39671458500004,-13.502919074999909,66.56415436400005] },
	"il": { "title":"Israel", "width":800, "height":2237, "extent":[34.24835085700005,29.48969147300005,35.88807255000012,33.4067217] },
	"it": { "title":"Italy", "width":800, "height":943, "extent":[6.602728312000067,36.65493398600006,18.517425977000073,47.08521494500006] },
	"jp": { "title":"Japan", "width":800, "height":917, "extent":[122.93816165500004,24.212103583000044,153.98560631600003,45.520412502000056] },
	"kr": { "title":"Korea", "width":800, "height":850, "extent":[124.613617384,33.19757721600007,130.92066491000003,38.624335028000075] },
	"lv": { "title":"Latvia", "width":800, "height":486, "extent":[20.968597852000073,55.66699086600006,28.217274617000072,58.07513844900008] },
	"lt": { "title":"Lithuania", "width":800, "height":610, "extent":[20.924568700365,53.886841126,26.80072025600009,56.44260243735255] },
	"my": { "title":"Malaysia", "width":800, "height":267, "extent":[99.64522806000008,0.851370341000106,119.27808678500003,7.35578034100007] },
	"mx": { "title":"Mexico", "width":800, "height":505, "extent":[-118.36880422899992,14.546279476000095,-86.70059160099993,32.71283640500009] },
	"nl": { "title":"Netherlands", "width":800, "height":952, "extent":[3.349414674000116,50.74754954000003,7.198505900000043,53.55809153900003] },
	"nz": { "title":"New Zealand", "width":800, "height":1130, "extent":[166.46648196700016,-48.062432549999926,178.56617272200003,-34.14425153860191] },
	"no": { "title":"Norway", "width":800, "height":948, "extent":[4.643809441000087,57.99315013200004,31.076996290000068,71.16526927300004] },
	"pl": { "title":"Poland", "width":800, "height":759, "extent":[14.12392297300002,48.994013164000094,24.143156372000107,54.838324286000045] },
	"pt": { "title":"Portugal", "width":800, "height":1635, "extent":[-9.497466600999928,36.96588776200008,-6.205947224999932,42.15362966000002] },
	"ro": { "title":"Romania", "width":800, "height":565, "extent":[20.24282596900008,43.6500499480001,29.699554884000065,48.27483225600007] },
	"ru": { "title":"Russia", "width":800, "height":413, "extent":[19.626475457000083,41.19268056200009,180,77.73309967700004] },
	"sa": { "title":"Saudi Arabia", "width":800, "height":659, "extent":[34.57276451900009,16.37095774900007,55.63756473800004,32.12134796200006] },
	"rs": { "title":"Serbia", "width":800, "height":1062, "extent":[18.84497847500006,42.23494482000011,22.98457076000011,46.17387522400013] },
	"sk": { "title":"Slovakia", "width":800, "height":395, "extent":[16.84448042800011,47.75000640900008,22.539636678000136,49.60177968400002] },
	"si": { "title":"Slovenia", "width":800, "height":529, "extent":[13.365261271000094,45.42363678,16.515301554000075,46.86396230100003] },
	"es": { "title":"Spain", "width":800, "height":609, "extent":[-9.291981574999909,35.847357489000046,4.302907748000052,43.77252838700008] },
	"za": { "title":"South Africa", "width":800, "height":706, "extent":[16.471853061000047,-34.81894296699994,32.89307701900009,-22.126451924999927] },
	"se": { "title":"Sweden", "width":800, "height":1832, "extent":[11.108164910000085,55.342678127000056,24.163413534000114,69.03635569300012] },
	"ch": { "title":"Switzerland", "width":800, "height":514, "extent":[5.954809204000128,45.820718486,10.466626831000013,47.801166077000076] },
	"th": { "title":"Thailand", "width":800, "height":1472, "extent":[97.35140100100011,5.629890035000059,105.65099776200003,20.44500640900013] },
	"tr": { "title":"Turkey", "width":800, "height":339, "extent":[25.663259311000047,35.81977854500006,44.80699282900008,42.09878164300005] },
	"ua": { "title":"Ukraine", "width":800, "height":484, "extent":[22.13283980300011,45.21356842700004,40.1595430910001,52.36894928000008] },
	"gb": { "title":"United Kingdom", "width":800, "height":1551, "extent":[-8.17402665059133,49.99317405748093,1.7475905049647338,60.415907315040386] },
	"us": { "title":"United States", "width":800, "height":438,